<?xml version="1.0" encoding="utf-8"?>
<extension type="component" version="4.0" method="upgrade">
 <name>Contentbuilder</name>
 <creationDate>2024-07-14</creationDate>
 <author>XDA+GIL</author>
 <authorEmail>noreply@vcmb.fr</authorEmail>
 <authorUrl>https://breezingforms.vcmb.fr</authorUrl>
 <copyright>Copyright 2011 - 2024 by XDA+GIL</copyright>
 <license>GNU/GPL v2.0</license>
 <version>5.0.0-RC3</version>
 <description>A content construction kit and application framework extension for Joomla!</description>

 <scriptfile>script.php</scriptfile>

<install>
    <sql>
        <file charset="utf8" driver="mysql">install.sql</file>
    </sql>
</install>

 <uninstall>
  <sql>
    <file charset="utf8" driver="mysql">uninstall.sql</file>
  </sql>
 </uninstall>
 
 <updateservers>
    <server type="extension" name="ContentBuilder" priority="1">https://breezingforms.vcmb.fr/download/contentbuilder_update.xml</server>
 </updateservers>

 <files folder="site">
    <filename>index.html</filename>
    <filename>contentbuilder.php</filename>
    <filename>controller.php</filename>
    <filename>router.php</filename>
    <folder>views</folder>
    <folder>tables</folder>
    <folder>models</folder>
    <folder>controllers</folder>
    <folder>images</folder>
    <folder>elements</folder>
    <folder>assets</folder>
 </files>

 <languages folder="admin">
    <language tag="en-GB">languages/en-GB/site/en-GB.com_contentbuilder.ini</language>
    <language tag="de-DE">languages/de-DE/site/de-DE.com_contentbuilder.ini</language>
 </languages>

 <administration>
  <menu img="components/com_contentbuilder/views/logo_icon_cb.png">ContentBuilder</menu>
  <submenu>
      <menu controller="storages" img="components/com_contentbuilder/views/logo_icon_cb.png">COM_CONTENTBUILDER_STORAGES</menu>
      <menu controller="forms" img="components/com_contentbuilder/views/logo_icon_cb.png">COM_CONTENTBUILDER_LIST</menu>
      <menu link="option=com_contentbuilder&amp;view=contentbuilder&amp;market=true">Try BreezingForms!</menu>
      <menu view="contentbuilder">COM_CONTENTBUILDER_ABOUT</menu>
  </submenu>

  <files folder="admin">
    <filename>controller.php</filename>
    <filename>contentbuilder.php</filename>
    <filename>access.xml</filename>
    <filename>config.xml</filename>
    <filename>install.sql</filename>
    <filename>uninstall.sql</filename>
    <filename>index.html</filename>
    <folder>controllers</folder>
    <folder>models</folder>
    <folder>tables</folder>
    <folder>views</folder>
    <folder>classes</folder>
    <folder>languages</folder>
    <folder>assets</folder>
    <folder>plugins</folder>
  </files>

 <languages folder="admin">
    <language tag="en-GB">languages/en-GB/admin/en-GB.com_contentbuilder.ini</language>
    <language tag="en-GB">languages/en-GB/admin/en-GB.com_contentbuilder.menu.ini</language>
    <language tag="en-GB">languages/en-GB/admin/en-GB.com_contentbuilder.sys.ini</language>
    <language tag="de-DE">languages/de-DE/admin/de-DE.com_contentbuilder.ini</language>
    <language tag="de-DE">languages/de-DE/admin/de-DE.com_contentbuilder.menu.ini</language>
    <language tag="de-DE">languages/de-DE/admin/de-DE.com_contentbuilder.sys.ini</language>
 </languages>

 </administration>
</extension>
